,Murder     and non- negligent man- slaughter,Forcible rape,Robbery,Aggra- vated assault,Burglary,Larceny- theft,Motor vehicle theft,Total
ALABAMA,374,"1,564","6,447","11,293","43,473","120,780","13,140","197,071"
Auburn city,1,18,52,83,464,"1,639",69,"2,326"
Bessemer city,3,24,234,294,903,"2,336",292,"4,086"
Birmingham city,104,241,"1,429","1,675","4,933","11,962","2,028","22,372"
Decatur city,1,12,62,125,742,"3,035",217,"4,194"
Dothan city,8,57,156,112,760,"2,617",155,"3,865"
Florence city,5,23,63,132,410,"1,297",56,"1,986"
Gadsden city,6,46,146,117,663,"2,243",214,"3,435"
Homewood city,(NA),(NA),(NA),(NA),(NA),(NA),(NA),0
Hoover city,(NA),(NA),(NA),(NA),(NA),(NA),(NA),0
Huntsville city,22,88,500,610,"2,446","7,979","1,088","12,733"
Madison city,(NA),(NA),(NA),(NA),(NA),(NA),(NA),0
Mobile city,35,74,597,459,"3,832","9,396","1,121","15,514"
Montgomery city,29,109,847,656,"3,528","8,449","1,020","14,638"
Phenix City city,(NA),(NA),(NA),(NA),(NA),(NA),(NA),0
Prattville city, -,9,22,56,226,978,72,"1,363"
Prichard city,8,7,37,51,193,407,137,840
Tuscaloosa city,7,39,200,258,"1,191","3,582",260,"5,537"
Vestavia Hills city, -,4,11,16,93,151,23,298
ALASKA,32,538,537,"3,087","4,131","17,249","2,595","28,169"
Anchorage municipality,16,224,384,"1,407","1,783","8,248","1,334","13,396"
Fairbanks city,2,47,65,192,227,"1,155",205,"1,893"
Juneau city and borough, -,30,14,91,125,"1,124",47,"1,431"
ARIZONA,445,"2,006","8,579","19,448","56,328","176,112","54,905","317,823"
Apache Junction city,1,14,6,93,385,986,234,"1,719"
Avondale city,(NA),(NA),(NA),(NA),(NA),(NA),(NA),0
Bullhead City city, -,4,30,138,498,"1,454",259,"2,383"
Casa Grande city,3,4,53,206,"1,208","1,761",368,"3,603"
Chandler city,8,54,200,564,"1,439","5,684","1,200","9,149"
Flagstaff city,1,48,62,418,511,"3,560",206,"4,806"
Gilbert town, -,27,35,153,975,"3,057",423,"4,670"
Glendale city,19,84,393,913,"3,332","5,980","3,101","13,822"
Lake Havasu City city,3,17,11,111,315,"1,345",182,"1,984"
Mesa city,29,194,460,"1,597","3,560","16,263","4,248","26,351"
Oro Valley town, -,3,4,17,134,644,69,871
Peoria city,1,38,69,181,"1,127","3,710","1,147","6,273"
Phoenix city,220,533,"4,237","5,701","16,255","52,537","24,536","104,019"
Prescott city, -,12,22,109,386,"1,365",127,"2,021"
Scottsdale city,4,51,125,285,"1,869","4,703","1,161","8,198"
Sierra Vista city,4,11,33,75,240,"1,116",126,"1,605"
Surprise city,1,12,15,56,290,"1,332",241,"1,947"
Tempe city,4,72,326,658,"1,835","8,260","2,305","13,460"
Tucson city,55,378,"1,685","2,930","5,130","19,642","6,527","36,347"
Yuma city,10,30,76,449,749,"2,523",591,"4,428"
ARKANSAS,186,"1,193","2,531","10,749","30,143","75,348","7,284","127,434"
Conway city, -,25,41,69,425,"2,154",169,"2,883"
Fayetteville city,2,51,33,227,458,"2,338",149,"3,258"
Fort Smith city,5,95,117,648,971,"4,146",342,"6,324"
Hot Springs city,4,26,87,379,894,"3,348",286,"5,024"
Jacksonville city,1,8,58,156,431,"1,427",103,"2,184"
Jonesboro city,2,27,101,351,"1,397","2,154",168,"4,200"
Little Rock city,41,116,860,"2,276","3,803","11,409","1,110","19,615"
North Little Rock city,4,60,205,525,"1,121","3,979",538,"6,432"
Pine Bluff city,16,41,209,459,"1,681","2,727",412,"5,545"
Rogers city,1,36,24,34,257,"2,278",98,"2,728"
Springdale city, -,57,15,126,267,"1,984",147,"2,596"
Texarkana city,1,6,45,403,357,"1,264",111,"2,187"
West Memphis city,11,32,131,349,"1,043","1,038",170,"2,774"
CALIFORNIA,"2,503","9,392","63,622","114,661","250,521","692,467","257,543","1,390,709"
Alameda city, -,11,88,133,367,"1,285",307,"2,191"
Alhambra city,1,12,154,154,575,"1,472",560,"2,928"
Aliso Viejo city,2,3,8,19,115,394,44,585
Anaheim city,10,81,554,971,"1,929","5,537","2,046","11,128"
Antioch city,10,28,232,283,733,"1,269",918,"3,473"
Apple Valley town,4,20,43,186,603,"1,227",394,"2,477"
Arcadia city,2,7,61,66,433,"1,254",162,"1,985"
Atascadero city, -,12,10,91,118,431,58,720
Azusa city, -,15,47,136,269,738,290,"1,495"
Bakersfield city,32,45,530,"1,099","3,746","10,034","2,658","18,144"
Baldwin Park city,5,14,100,234,439,"1,036",628,"2,456"
Bell city,5,7,65,89,132,133,193,624
Bellflower city,9,14,247,267,477,"1,170",853,"3,037"
Bell Gardens city,5,25,73,181,251,316,377,"1,228"
Belmont city, -,1,9, -,94,478,64,646
Benicia city, -,3,14,36,160,303,87,603
Berkeley city,3,18,354,195,"1,229","5,503","1,244","8,546"
Beverly Hills city,1,10,58,65,314,700,38,"1,186"
Brea city,1,2,40,44,277,"1,179",166,"1,709"
Buena Park city,2,14,124,166,449,"1,042",435,"2,232"
Burbank city,3,13,67,163,586,"1,690",495,"3,017"
Burlingame city, -,3,28,37,145,697,97,"1,007"
Calexico city, -,4,25,109,396,504,413,"1,451"
Camarillo city,1,15,30,48,259,710,77,"1,140"
Campbell city, -,5,13,53,225,872,120,"1,288"
Carlsbad city,2,11,79,164,517,"1,648",246,"2,667"
Carson city,7,19,221,399,543,"1,270",589,"3,048"
Cathedral City city,3,10,44,195,559,"1,023",497,"2,331"
Ceres city,2,8,38,122,280,"1,294",655,"2,399"
Cerritos city,1,5,97,72,453,"1,287",280,"2,195"
Chico city,3,32,79,139,719,"1,462",490,"2,924"
Chino city,2,9,75,124,521,"1,576",442,"2,749"
Chino Hills city,3,8,18,71,259,705,128,"1,192"
Chula Vista city,5,66,338,518,"1,235","3,758","2,496","8,416"
Citrus Heights city,(NA),(NA),(NA),(NA),(NA),(NA),(NA),0
Claremont city,3,2,30,25,310,731,75,"1,176"
Clovis city,4,21,47,79,642,"2,222",422,"3,437"
Colton city,5,17,105,140,472,983,486,"2,208"
Compton city,65,40,474,"1,152",638,971,"1,006","4,346"
Concord city,1,14,197,296,"1,114","3,972","1,162","6,756"
Corona city,4,33,140,144,926,"2,587",935,"4,769"
Costa Mesa city,3,30,119,154,596,"2,692",555,"4,149"
Covina city, -,9,85,119,468,"1,359",309,"2,349"
Culver City city,1,9,130,43,246,898,138,"1,465"
Cupertino city, -, -,10,46,250,632,51,989
Cypress city,1,5,28,33,174,707,122,"1,070"
Daly City city,2,20,122,142,251,"1,439",468,"2,444"
Dana Point city, -,7,9,45,120,371,38,590
Danville town, -,1,9,31,119,477,25,662
Davis city, -,26,45,161,483,"1,239",187,"2,141"
Delano city,5,5,48,151,669,845,607,"2,330"
Diamond Bar city,2,3,38,64,282,463,154,"1,006"
Downey city,7,30,250,161,579,"1,851","1,102","3,980"
Dublin city, -,1,15,63,170,499,138,886
East Palo Alto city,15,21,108,285,387,432,306,"1,554"
El Cajon city,2,40,171,305,769,"2,140","1,136","4,563"
El Centro city, -,18,43,287,758,"1,097",260,"2,463"
Elk Grove city,(NA),(NA),(NA),(NA),(NA),(NA),(NA),0
El Monte city,4,21,241,445,702,"1,650","1,135","4,198"
Encinitas city,3,11,45,112,324,724,186,"1,405"
Escondido city,2,31,186,473,801,"3,031","1,079","5,603"
Eureka city,1,25,63,81,503,"1,000",348,"2,021"
Fairfield city,9,38,218,320,748,"2,876",836,"5,045"
Folsom city, -,11,18,60,305,"1,238",173,"1,805"
Fontana city,10,50,232,442,782,"1,496","1,403","4,415"
Foster City city, -, -,7,22,80,308,33,450
Fountain Valley city,1,6,30,35,303,884,196,"1,455"
Fremont city,1,40,188,292,"1,009","3,035",759,"5,324"
Fresno city,49,149,"1,275","2,424","4,170","16,088","5,288","29,443"
Fullerton city, -,37,149,204,805,"3,152",627,"4,974"
Gardena city,3,16,295,182,453,715,426,"2,090"
Garden Grove city,6,22,229,488,803,"2,591","1,111","5,250"
Gilroy city, -,13,67,123,246,"1,309",180,"1,938"
Glendale city,19,14,136,181,723,"2,453",614,"4,140"
Glendora city, -,5,24,27,183,954,128,"1,321"
Goleta city, -,7,12,24,141,325,20,529
Hanford city, -,17,51,117,224,"1,407",224,"2,040"
Hawthorne city,10,18,225,267,785,841,570,"2,716"
Hayward city,9,37,301,294,"1,147","2,338","1,988","6,114"
Hemet city,3,19,141,218,910,"1,943",566,"3,800"
Hesperia city,4,14,81,124,484,945,603,"2,255"
Highland city,7,10,77,110,316,705,382,"1,607"
Hollister city, -,8,29,118,214,659,160,"1,188"
Huntington Beach city,1,32,92,341,789,"2,783",531,"4,569"
Huntington Park city,2,18,357,200,287,"1,336","1,048","3,248"
Imperial Beach city, -,3,41,88,188,335,267,922
Indio city,6,28,96,169,802,"1,479",643,"3,223"
Inglewood city,26,42,555,434,822,"1,347",922,"4,148"
Irvine city,2,17,42,90,709,"2,211",305,"3,376"
Laguna Hills city, -,4,16,33,160,486,57,756
Laguna Niguel city,2,2,15,43,143,600,37,842
La Habra city,4,6,77,103,284,"1,014",316,"1,804"
Lake Elsinore city,4,11,32,125,319,883,309,"1,683"
Lake Forest city,2,8,33,78,198,675,98,"1,092"
Lakewood city, -,13,193,165,418,"1,880",490,"3,159"
La Mesa city,2,10,107,82,328,"1,345",556,"2,430"
La Mirada city,1,3,41,80,307,741,210,"1,383"
Lancaster city,16,54,347,769,"1,260","2,436","1,011","5,893"
La Puente city,4,8,57,168,165,404,258,"1,064"
La Verne city, -,7,23,37,159,658,72,956
Lawndale city,1,12,80,115,154,316,152,830
Livermore city,1,27,27,86,422,"1,006",231,"1,800"
Lodi city,1,17,74,168,538,"1,900",536,"3,234"
Lompoc city,1,14,40,173,155,948,88,"1,419"
Long Beach city,42,104,"1,403","1,850","2,955","6,808","3,743","16,905"
Los Altos city, -,2,4,4,130,181,14,335
Los Angeles city,489,"1,105","13,797","16,376","22,592","65,972","28,721","149,052"
Los Banos city, -,13,23,191,268,699,125,"1,319"
Los Gatos town, -,5,15,17,145,393,42,617
Lynwood city,21,23,258,374,295,578,"1,037","2,586"
Madera city,4,22,88,285,367,"1,085",356,"2,207"
Manhattan Beach city,1,5,32,35,216,535,67,891
Manteca city,2,15,71,195,553,"2,147",662,"3,645"
Martinez city, -,9,28,78,235,979,210,"1,539"
Maywood city,4,5,70,79,77,138,232,605
Menlo Park city, -,9,43,36,159,497,91,835
Merced city,10,24,167,371,697,"2,957",535,"4,761"
Milpitas city,2,17,36,140,315,"1,575",278,"2,363"
Mission Viejo city,2,3,36,69,225,953,81,"1,369"
Modesto city,8,65,388,855,"1,742","8,290","3,014","14,362"
Monrovia city, -,11,54,53,149,851,167,"1,285"
Montclair city,5,12,89,116,253,"1,339",455,"2,269"
Montebello city,5,18,125,134,300,"1,094",749,"2,425"
Monterey city, -,16,31,125,245,977,73,"1,467"
Monterey Park city,2,4,89,54,274,707,414,"1,544"
Moorpark city,2,2,9,32,91,238,28,402
Moreno Valley city,11,57,344,345,"1,522","3,274","1,464","7,017"
Morgan Hill city,1,11,16,32,244,728,86,"1,118"
Mountain View city,1,5,63,233,253,"1,660",263,"2,478"
Murrieta city,1,9,36,76,489,"1,058",268,"1,937"
Napa city, -,19,34,331,359,"1,553",168,"2,464"
National City city,4,16,182,254,376,"1,409",941,"3,182"
Newark city,2,17,71,85,331,"1,321",325,"2,152"
Newport Beach city,3,12,26,81,589,"1,715",192,"2,618"
Norwalk city,11,17,189,256,558,"1,399",874,"3,304"
Novato city,1,13,22,52,334,754,145,"1,321"
Oakland city,93,306,"2,672","2,621","5,783","8,227","9,017","28,719"
Oakley city, -,3,17,52,117,441,128,758
Oceanside city,7,78,264,634,"1,065","3,846",746,"6,640"
Ontario city,12,56,294,504,991,"3,714","2,039","7,610"
Orange city,2,2,100,121,537,"2,301",581,"3,644"
Oxnard city,19,47,386,378,941,"2,681",762,"5,214"
Pacifica city, -,7,12,48,122,567,105,861
Palmdale city,15,48,318,661,967,"2,384",764,"5,157"
Palm Desert city,2,6,38,99,714,"1,691",257,"2,807"
Palm Springs city,4,23,112,208,872,"1,659",571,"3,449"
Palo Alto city,1,5,46,39,371,"1,548",124,"2,134"
Paradise town, -,6,7,20,249,463,84,829
Paramount city,10,4,221,217,358,956,768,"2,534"
Pasadena city,6,23,285,489,788,"3,041",560,"5,192"
Perris city,4,12,80,133,368,"1,137",599,"2,333"
Petaluma city, -,34,24,157,128,"1,036",136,"1,515"
Pico Rivera city,15,17,117,224,264,773,498,"1,908"
Pittsburg city,5,7,114,122,458,"1,516",630,"2,852"
Placentia city,3,8,30,83,231,668,144,"1,167"
Pleasant Hill city,1,10,47,69,334,"1,304",236,"2,001"
Pleasanton city, -,10,24,62,260,"1,152",143,"1,651"
Pomona city,21,44,385,785,997,"2,775","1,536","6,543"
Porterville city,2,18,48,189,506,"1,351",430,"2,544"
Poway city,1,11,20,63,172,551,92,910
Rancho Cordova city,(NA),(NA),(NA),(NA),(NA),(NA),(NA),0
Rancho Cucamonga city,2,35,134,201,768,"2,921",704,"4,765"
Rancho Palos Verdes city,2,3,4,36,116,247,24,432
Rancho Santa Margarita city, -, -,7,25,80,342,31,485
Redding city,2,80,75,393,943,"2,665",494,"4,652"
Redlands city,1,19,92,198,553,"1,799",447,"3,109"
Redondo Beach city, -,9,68,101,319,"1,080",200,"1,777"
Redwood City city,3,22,103,260,354,"1,831",368,"2,941"
Rialto city,11,33,214,546,715,"1,602","1,173","4,294"
Richmond city,40,35,526,573,"1,062","2,350","2,396","6,982"
Riverside city,10,113,675,"1,156","2,498","8,157","2,770","15,379"
Rocklin city, -,6,15,49,254,900,150,"1,374"
Rohnert Park city, -,12,21,244,156,811,78,"1,322"
Rosemead city,3,8,75,109,403,662,475,"1,735"
Roseville city, -,28,87,248,852,"3,188",710,"5,113"
Sacramento city,52,170,"2,018","3,025","5,841","13,320","6,922","31,348"
Salinas city,7,43,335,645,935,"4,339","1,504","7,808"
San Bernardino city,58,72,912,"1,468","2,525","5,527","3,174","13,736"
San Bruno city,1,8,33,99,127,654,166,"1,088"
San Buenaventura (Ventura) city,1,19,107,170,815,"2,695",401,"4,208"
San Carlos city, -,3,10,18,105,419,56,611
San Clemente city,1,5,15,59,200,579,74,933
San Diego city,51,376,"1,862","4,314","7,462","24,613","14,138","52,816"
San Dimas city,1,3,23,47,202,552,126,954
San Francisco city,96,172,"3,078","2,639","6,208","19,887","8,174","40,254"
San Gabriel city,4,9,99,90,327,584,178,"1,291"
San Jose city,26,263,884,"2,319","4,049","13,374","5,507","26,422"
San Juan Capistrano city, -,2,21,36,105,303,57,524
San Leandro city,4,23,237,201,701,"2,328","1,040","4,534"
San Luis Obispo city,2,23,35,110,361,"1,335",97,"1,963"
San Marcos city, -,15,57,165,359,989,282,"1,867"
San Mateo city,4,22,117,260,355,"2,205",220,"3,183"
San Pablo city,3,5,160,101,316,874,641,"2,100"
San Rafael city,2,22,65,83,427,"1,247",378,"2,224"
San Ramon city,1,5,14,46,146,733,93,"1,038"
Santa Ana city,17,74,644,"1,110","1,194","5,515","3,583","12,137"
Santa Barbara city, -,31,76,453,680,"2,060",204,"3,504"
Santa Clara city,5,18,49,118,553,"2,470",397,"3,610"
Santa Clarita city,3,17,106,210,838,"2,200",514,"3,888"
Santa Cruz city,2,49,96,356,573,"2,316",248,"3,640"
Santa Maria city,3,36,92,470,383,"1,342",629,"2,955"
Santa Monica city,4,21,241,285,788,"2,286",422,"4,047"
Santa Paula city, -,8,29,63,140,407,94,741
Santa Rosa city,2,61,168,790,803,"3,508",589,"5,921"
Santee city,1,16,30,116,281,800,235,"1,479"
Saratoga city,1,3,2,15,115,249,13,398
Seaside city, -,10,42,119,129,545,64,909
Simi Valley city, -,17,47,108,583,"1,515",217,"2,487"
South Gate city,6,19,305,197,444,"1,164","1,289","3,424"
South San Francisco city,3,8,46,118,609,640,292,"1,716"
Stanton city,3,6,63,77,201,526,210,"1,086"
Stockton city,41,109,"1,357","2,695","3,434","11,487","3,940","23,063"
Suisun City city, -,13,39,75,124,304,148,703
Sunnyvale city,3,27,73,129,495,"1,794",372,"2,893"
Temecula city,4,16,73,176,684,"1,725",399,"3,077"
Temple City city, -,3,31,42,181,296,80,633
Thousand Oaks city,2,13,56,103,379,"1,289",116,"1,958"
Torrance city,1,20,211,88,641,"2,144",505,"3,610"
Tracy city, -,7,60,82,473,"2,366",462,"3,450"
Tulare city,8,17,85,387,904,"1,809",474,"3,684"
Turlock city,2,18,97,294,637,"2,014","1,054","4,116"
Tustin city,2,10,60,156,438,"1,146",342,"2,154"
Twentynine Palms city, -,11,5,89,194,270,66,635
Union City city,3,15,167,231,603,"1,325",579,"2,923"
Upland city,4,21,104,153,466,"2,107",452,"3,307"
Vacaville city,2,23,69,168,353,"1,899",266,"2,780"
Vallejo city,(NA),(NA),(NA),(NA),(NA),(NA),(NA),0
Victorville city,12,30,153,240,865,"2,536",828,"4,664"
Visalia city,10,39,192,814,"1,216","4,347","1,202","7,820"
Vista city,4,21,190,315,771,"1,621",579,"3,501"
Walnut city, -,1,21,23,178,236,78,537
Walnut Creek city,1,8,38,83,507,"2,142",270,"3,049"
Watsonville city,2,17,81,137,284,"1,481",278,"2,280"
West Covina city,6,19,150,175,744,"2,398",908,"4,400"
West Hollywood city,2,19,167,154,312,"1,073",262,"1,989"
Westminster city,3,14,96,238,561,"1,769",536,"3,217"
West Sacramento city,2,23,60,276,563,480,390,"1,794"
Whittier city,5,15,125,162,429,"1,655",508,"2,899"
Woodland city,1,14,34,93,307,"1,182",305,"1,936"
Yorba Linda city, -,2,5,42,169,553,75,846
Yuba City city,3,17,48,120,453,"1,604",247,"2,492"
Yucaipa city,3,3,12,53,208,468,179,926
COLORADO,173,"2,026","3,948","12,351","34,746","127,602","26,101","206,947"
Arvada city,2,23,52,119,524,"2,772",581,"4,073"
Aurora city,28,223,644,941,"2,474","9,502","2,742","16,554"
Boulder city, -,42,34,140,551,"2,821",252,"3,840"
Broomfield city, -,9,11,22,124,"1,403",170,"1,739"
Centennial city,3,33,38,143,422,"1,400",200,"2,239"
Colorado Springs city,12,251,439,"1,090","3,676","14,164","1,779","21,411"
Denver city,59,328,"1,432","2,673","7,360","18,518","8,024","38,394"
Englewood city, -,27,35,123,431,"1,382",416,"2,414"
Fort Collins city,2,118,57,265,764,"3,239",431,"4,876"
Grand Junction city, -,23,32,244,542,"2,583",235,"3,659"
Greeley city,2,48,60,446,"1,149","3,878",448,"6,031"
Lakewood city,5,93,187,386,"1,259","5,650","1,422","9,002"
Littleton city, -,6,33,27,306,"1,184",306,"1,862"
Longmont city,(NA),(NA),(NA),(NA),(NA),(NA),(NA),0
Loveland city,2,21,17,68,271,"1,418",101,"1,898"
Northglenn city, -,2,28,108,258,"1,390",311,"2,097"
Pueblo city,13,22,162,489,"1,525","4,978",478,"7,667"
Thornton city,1,69,61,237,672,"3,402",751,"5,193"
Westminster city,2,25,72,219,701,"3,453",955,"5,427"
Wheat Ridge city,1,17,27,117,308,"1,462",306,"2,238"
CONNECTICUT,102,702,"3,966","4,865","15,343","64,033","10,418","99,429"
Bridgeport city,19,65,648,776,"1,383","4,452","1,283","8,626"
Bristol city,2,14,52,65,425,"1,059",104,"1,721"
Danbury city,1,22,58,47,223,"1,220",136,"1,707"
Hartford city,25,46,692,679,"1,398","6,255","1,860","10,955"
Meriden city,1,14,93,78,504,"1,617",177,"2,484"
Middletown city,2,1,25,31,195,"1,245",148,"1,647"
Milford city (balance), -,6,20,31,144,"1,331",153,"1,685"
Naugatuck borough, -,3,11,7,73,448,63,605
New Britain city,2,10,189,158,782,"2,171",377,"3,689"
New Haven city,(NA),(NA),(NA),(NA),(NA),(NA),(NA),0
New London city,1,27,63,87,195,627,114,"1,114"
Norwalk city,7,9,92,200,365,"1,889",324,"2,886"
Norwich city, -,27,51,107,224,748,76,"1,233"
Shelton city, -,1,7,7,97,277,74,463
Stamford city,1,18,157,179,427,"1,740",223,"2,745"
Torrington city, -,3,13,98,213,776,53,"1,156"
Waterbury city,6,32,214,182,"1,198","4,212",617,"6,461"
West Haven city, -,4,67,81,251,"1,209",201,"1,813"
DELAWARE,37,377,"1,306","3,612","5,811","18,085","2,349","31,577"
Dover city,2,13,40,152,93,"1,434",115,"1,849"
Newark city,1,18,48,93,197,806,85,"1,248"
Wilmington city,12,27,433,577,817,"2,104",513,"4,483"
DISTRICT OF COLUMBIA,195,166,"3,700","3,971","3,577","14,836","7,720","34,165"
Washington city,195,166,"3,700","3,971","3,577","14,836","7,720","34,165"
FLORIDA,883,"6,592","30,141","88,341","164,783","472,912","75,303","838,955"
Altamonte Springs city,1,14,51,133,283,"1,319",206,"2,007"
Apopka city,2,19,105,243,389,"1,196",110,"2,064"
Aventura city, -,1,26,8,139,"1,416",56,"1,646"
Boca Raton city, -,15,53,173,591,"2,071",182,"3,085"
Bonita Springs city,(NA),(NA),(NA),(NA),(NA),(NA),(NA),0
Boynton Beach city,1,4,139,353,720,"2,381",307,"3,905"
Bradenton city,3,18,111,186,597,"1,944",291,"3,150"
Cape Coral city,5,45,74,237,"1,026","2,567",307,"4,261"
Clearwater city,9,48,210,726,949,"3,695",433,"6,070"
Coconut Creek city, -,17,28,74,201,831,119,"1,270"
Cooper City city, -,2,17,82,107,467,24,699
Coral Gables city, -,4,40,108,471,"1,613",124,"2,360"
Coral Springs city, -,9,58,157,424,"1,975",243,"2,866"
Dania Beach city,(NA),(NA),(NA),(NA),(NA),(NA),(NA),0
Davie town,2,19,71,206,556,"2,293",311,"3,458"
Daytona Beach city,8,65,342,664,"1,399","2,698",730,"5,906"
Deerfield Beach city,2,35,144,412,485,"1,767",265,"3,110"
Delray Beach city,6,26,132,494,595,"2,293",319,"3,865"
Deltona city,(NA),(NA),(NA),(NA),(NA),(NA),(NA),0
Dunedin city, -,15,16,104,222,788,59,"1,204"
Fort Lauderdale city,15,67,741,680,"2,555","7,564","1,097","12,719"
Fort Myers city,13,32,309,610,592,"1,848",619,"4,023"
Fort Pierce city,10,36,195,495,872,"1,629",376,"3,613"
Gainesville city,5,99,168,701,"1,178","3,262",430,"5,843"
Greenacres city,1,14,41,200,242,811,83,"1,392"
Hallandale Beach city,1,9,99,258,349,963,160,"1,839"
Hialeah city,8,38,387,915,"1,542","5,698","1,532","10,120"
Hollywood city,6,60,330,377,"1,314","4,366",818,"7,271"
Homestead city,5,8,328,477,782,"1,980",293,"3,873"
Jacksonville city,91,189,"2,253","4,067","8,998","29,583","4,936","50,117"
Jupiter town,1,8,59,94,316,963,73,"1,514"
Key West city,1,27,48,77,250,"1,044",160,"1,607"
Kissimmee city,1,30,131,379,716,"1,732",204,"3,193"
Lakeland city,6,26,140,265,912,"3,755",378,"5,482"
Lake Worth city,4,14,276,246,919,"1,843",321,"3,623"
Largo city,4,26,77,242,468,"1,860",228,"2,905"
Lauderdale Lakes city,4,17,113,281,399,773,216,"1,803"
Lauderhill city,3,30,157,371,608,"1,072",347,"2,588"
Margate city, -,4,39,149,209,799,107,"1,307"
Melbourne city,1,30,124,529,884,"2,557",216,"4,341"
Miami city,54,62,"2,019","3,999","5,377","13,930","4,014","29,455"
Miami Beach city,3,62,515,593,"1,463","5,681",977,"9,294"
Miami Gardens city,11,57,540,"1,305","1,395","4,235",968,"8,511"
Miramar city,3,35,152,296,939,"1,831",442,"3,698"
North Lauderdale city, -,17,68,236,226,758,126,"1,431"
North Miami city,6,25,339,317,"1,025","2,538",528,"4,778"
North Miami Beach city,1,26,201,265,593,"1,412",323,"2,821"
Oakland Park city,3,23,139,311,451,"1,357",239,"2,523"
Ocala city,4,43,157,383,804,"2,408",204,"4,003"
Orlando city,22,165,"1,204","2,410","3,882","12,175","2,169","22,027"
Ormond Beach city, -,4,17,67,181,834,50,"1,153"
Oviedo city, -,8,9,87,94,445,28,671
Palm Bay city,2,42,79,359,"1,032","1,999",238,"3,751"
Palm Beach Gardens city,1,10,37,65,377,"1,319",183,"1,992"
Palm Coast city,(NA),(NA),(NA),(NA),(NA),(NA),(NA),0
Panama City city,2,19,76,239,363,"1,607",104,"2,410"
Pembroke Pines city,6,25,95,227,743,"3,295",433,"4,824"
Pensacola city,1,37,89,321,423,"1,824",177,"2,872"
Pinellas Park city,1,26,46,223,483,"2,153",148,"3,080"
Plantation city,4,15,114,93,587,"2,586",335,"3,734"
Plant City city,3,13,96,150,231,"1,118",191,"1,802"
Pompano Beach city,5,57,420,900,958,"3,676",614,"6,630"
Port Orange city,4,2,9,20,181,849,54,"1,119"
Port St. Lucie city,1,17,27,242,770,"1,783",144,"2,984"
Riviera Beach city,12,11,240,392,891,"1,435",576,"3,557"
St. Petersburg city,30,101,959,"2,847","3,534","10,395","2,394","20,260"
Sanford city,5,25,130,156,759,"2,393",449,"3,917"
Sarasota city,5,37,154,326,769,"2,535",258,"4,084"
Sunrise city,1,22,128,230,554,"2,288",306,"3,529"
Tallahassee city,9,132,386,"1,119","2,614","5,191",714,"10,165"
Tamarac city,1,4,65,124,268,818,143,"1,423"
Tampa city,20,210,"1,160","3,317","4,914","12,564","2,793","24,978"
Titusville city,4,21,79,242,417,909,186,"1,858"
Wellington village,2,24,18,104,326,"1,019",127,"1,620"
Weston city, -,4,18,109,141,599,33,904
West Palm Beach city,22,71,528,600,"1,605","4,610",967,"8,403"
Winter Haven city,2,21,54,145,392,"1,514",151,"2,279"
Winter Park city, -,6,20,21,194,545,102,888
Winter Springs city, -,5,4,49,139,472,28,697
GEORGIA,564,"2,143","14,041","23,977","84,463","249,594","44,477","419,259"
Albany city,8,40,216,252,"1,704","2,958",329,"5,507"
Alpharetta city,1,4,19,60,182,"1,198",89,"1,553"
Athens-Clarke County (balance),5,41,135,176,"1,047","4,185",361,"5,950"
Atlanta city,90,223,"2,861","4,039","6,648","18,993","5,756","38,610"
Augusta-Richmond County (balance),(NA),(NA),(NA),(NA),(NA),(NA),(NA),0
Columbus city,22,24,446,500,"2,681","8,763","1,681","14,117"
Dalton city,(NA),(NA),(NA),(NA),(NA),(NA),(NA),0
East Point city,4,15,159,168,682,"1,364",347,"2,739"
Gainesville city,1,15,31,102,235,"1,790",166,"2,340"
Hinesville city, -,14,55,103,414,"1,425",60,"2,071"
LaGrange city,2,9,83,90,379,"1,685",169,"2,417"
Macon city,20,58,332,406,"2,028","6,124","1,065","10,033"
Marietta city,6,11,194,120,426,"1,548",397,"2,702"
Peachtree City city, -,3,3,5,26,258,51,346
Rome city,2,17,76,174,597,"1,908",147,"2,921"
Roswell city, -,7,71,68,442,"1,724",174,"2,486"
Savannah city,30,83,704,573,"2,530","7,603","1,538","13,061"
Smyrna city,6,14,127,80,461,"1,387",296,"2,371"
Valdosta city,7,29,106,170,666,"2,602",193,"3,773"
Warner Robins city,1,12,94,146,834,"2,104",168,"3,359"
HAWAII,24,343,"1,001","1,885","9,792","42,188","9,135","64,368"
Honolulu CDP,15,234,841,"1,480","6,209","29,376","6,798","44,953"
IDAHO,35,577,266,"2,792","8,066","27,606","2,884","42,226"
Boise City city,5,120,86,537,"1,358","5,627",499,"8,232"
Caldwell city,3,14,9,144,462,"1,259",186,"2,077"
Coeur d'Alene city,1,32,18,164,365,"1,587",181,"2,348"
Idaho Falls city, -,27,9,120,339,"1,454",130,"2,079"
Lewiston city, -,9,4,25,251,"1,072",71,"1,432"
Meridian city,1,12,7,67,254,931,68,"1,340"
Nampa city,(NA),(NA),(NA),(NA),(NA),(NA),(NA),0
Pocatello city,1,35,7,116,283,"1,416",64,"1,922"
Twin Falls city,4,20,22,92,368,"1,448",152,"2,106"
ILLINOIS 4,766,"4,297","23,187","42,142","77,462","276,301","39,385","463,540"
Addison village,(NA),(NA),(NA),(NA),(NA),(NA),(NA),0
Alton city,(NA),(NA),(NA),(NA),(NA),(NA),(NA),0
Arlington Heights village,(NA),(NA),(NA),(NA),(NA),(NA),(NA),0
Aurora city,14,(NA),176,480,883,"3,642",307,"5,502"
Bartlett village,(NA),(NA),(NA),(NA),(NA),(NA),(NA),0
Belleville city,(NA),(NA),(NA),(NA),(NA),(NA),(NA),0
Berwyn city,(NA),(NA),(NA),(NA),(NA),(NA),(NA),0
Bloomington city,(NA),(NA),(NA),(NA),(NA),(NA),(NA),0
Bolingbrook village,(NA),(NA),(NA),(NA),(NA),(NA),(NA),0
Buffalo Grove village,(NA),(NA),(NA),(NA),(NA),(NA),(NA),0
Burbank city,(NA),(NA),(NA),(NA),(NA),(NA),(NA),0
Calumet City city,(NA),(NA),(NA),(NA),(NA),(NA),(NA),0
Carbondale city,(NA),(NA),(NA),(NA),(NA),(NA),(NA),0
Carol Stream village,(NA),(NA),(NA),(NA),(NA),(NA),(NA),0
Carpentersville village,(NA),(NA),(NA),(NA),(NA),(NA),(NA),0
Champaign city,(NA),(NA),(NA),(NA),(NA),(NA),(NA),0
Chicago city,448,(NA),"15,964","17,943","25,314","83,373","22,496","165,538"
Chicago Heights city,(NA),(NA),(NA),(NA),(NA),(NA),(NA),0
Cicero town,(NA),(NA),(NA),(NA),(NA),(NA),(NA),0
Crystal Lake city,(NA),(NA),(NA),(NA),(NA),(NA),(NA),0
Danville city,(NA),(NA),(NA),(NA),(NA),(NA),(NA),0
Decatur city,(NA),(NA),(NA),(NA),(NA),(NA),(NA),0
DeKalb city,(NA),(NA),(NA),(NA),(NA),(NA),(NA),0
Des Plaines city,(NA),(NA),(NA),(NA),(NA),(NA),(NA),0
Dolton village,(NA),(NA),(NA),(NA),(NA),(NA),(NA),0
Downers Grove village,(NA),(NA),(NA),(NA),(NA),(NA),(NA),0
East St. Louis city,(NA),(NA),(NA),(NA),(NA),(NA),(NA),0
Elgin city,(NA),(NA),(NA),(NA),(NA),(NA),(NA),0
Elk Grove Village village,(NA),(NA),(NA),(NA),(NA),(NA),(NA),0
Elmhurst city,(NA),(NA),(NA),(NA),(NA),(NA),(NA),0
Elmwood Park village,(NA),(NA),(NA),(NA),(NA),(NA),(NA),0
Evanston city,(NA),(NA),(NA),(NA),(NA),(NA),(NA),0
Freeport city,(NA),(NA),(NA),(NA),(NA),(NA),(NA),0
Galesburg city,(NA),(NA),(NA),(NA),(NA),(NA),(NA),0
Glendale Heights village,(NA),(NA),(NA),(NA),(NA),(NA),(NA),0
Glen Ellyn village,(NA),(NA),(NA),(NA),(NA),(NA),(NA),0
Glenview village,(NA),(NA),(NA),(NA),(NA),(NA),(NA),0
Granite City city,(NA),(NA),(NA),(NA),(NA),(NA),(NA),0
Gurnee village,(NA),(NA),(NA),(NA),(NA),(NA),(NA),0
Hanover Park village,(NA),(NA),(NA),(NA),(NA),(NA),(NA),0
Harvey city,(NA),(NA),(NA),(NA),(NA),(NA),(NA),0
Highland Park city,(NA),(NA),(NA),(NA),(NA),(NA),(NA),0
Hoffman Estates village,(NA),(NA),(NA),(NA),(NA),(NA),(NA),0
Joliet city,11,(NA),145,309,745,"3,312",171,"4,693"
Kankakee city,(NA),(NA),(NA),(NA),(NA),(NA),(NA),0
Lansing village,(NA),(NA),(NA),(NA),(NA),(NA),(NA),0
Lombard village,(NA),(NA),(NA),(NA),(NA),(NA),(NA),0
Maywood village,(NA),(NA),(NA),(NA),(NA),(NA),(NA),0
Moline city,(NA),(NA),(NA),(NA),(NA),(NA),(NA),0
Mount Prospect village,(NA),(NA),(NA),(NA),(NA),(NA),(NA),0
Mundelein village,(NA),(NA),(NA),(NA),(NA),(NA),(NA),0
Naperville city,3,(NA),25,45,290,"2,108",74,"2,545"
Niles village,(NA),(NA),(NA),(NA),(NA),(NA),(NA),0
Normal town,(NA),(NA),(NA),(NA),(NA),(NA),(NA),0
Northbrook village,(NA),(NA),(NA),(NA),(NA),(NA),(NA),0
North Chicago city,(NA),(NA),(NA),(NA),(NA),(NA),(NA),0
Oak Forest city,(NA),(NA),(NA),(NA),(NA),(NA),(NA),0
Oak Lawn village,(NA),(NA),(NA),(NA),(NA),(NA),(NA),0
Oak Park village,(NA),(NA),(NA),(NA),(NA),(NA),(NA),0
Orland Park village,(NA),(NA),(NA),(NA),(NA),(NA),(NA),0
Palatine village,(NA),(NA),(NA),(NA),(NA),(NA),(NA),0
Park Ridge city,(NA),(NA),(NA),(NA),(NA),(NA),(NA),0
Pekin city,(NA),(NA),(NA),(NA),(NA),(NA),(NA),0
Peoria city,14,(NA),380,528,"1,839","4,848",783,"8,392"
Quincy city,(NA),(NA),(NA),(NA),(NA),(NA),(NA),0
Rockford city,19,(NA),537,764,"2,371","6,758",977,"11,426"
Rock Island city,(NA),(NA),(NA),(NA),(NA),(NA),(NA),0
Round Lake Beach village,(NA),(NA),(NA),(NA),(NA),(NA),(NA),0
St. Charles city,(NA),(NA),(NA),(NA),(NA),(NA),(NA),0
Schaumburg village,(NA),(NA),(NA),(NA),(NA),(NA),(NA),0
Skokie village,(NA),(NA),(NA),(NA),(NA),(NA),(NA),0
Springfield city,5,(NA),258,"1,306","1,719","5,288",338,"8,914"
Streamwood village,(NA),(NA),(NA),(NA),(NA),(NA),(NA),0
Tinley Park village,(NA),(NA),(NA),(NA),(NA),(NA),(NA),0
Urbana city,(NA),(NA),(NA),(NA),(NA),(NA),(NA),0
Waukegan city,(NA),(NA),(NA),(NA),(NA),(NA),(NA),0
Wheaton city,(NA),(NA),(NA),(NA),(NA),(NA),(NA),0
Wheeling village,(NA),(NA),(NA),(NA),(NA),(NA),(NA),0
Wilmette village,(NA),(NA),(NA),(NA),(NA),(NA),(NA),0
Woodridge village,(NA),(NA),(NA),(NA),(NA),(NA),(NA),0
INDIANA,356,"1,856","6,809","11,281","43,756","151,278","21,744","237,080"
Anderson city,2,19,63,66,611,"1,886",191,"2,838"
Bloomington city, -,25,54,92,566,"1,969",148,"2,854"
Carmel city, -,8,6,10,134,814,41,"1,013"
Columbus city, -,7,18,56,247,"2,115",126,"2,569"
East Chicago city,12,12,125,565,397,"1,124",339,"2,574"
Elkhart city,5,39,146,10,775,"2,724",262,"3,961"
Evansville city,8,59,176,235,"1,255","4,469",284,"6,486"
Fishers town, -,7,9,14,61,511,27,629
Fort Wayne city,25,84,375,248,"2,233","7,841",658,"11,464"
Gary city,58,70,306,284,"1,593","2,556","1,161","6,028"
Goshen city,1, -,7,65,142,"1,188",36,"1,439"
Greenwood city,1,1,15,127,207,"1,753",89,"2,193"
Hammond city,9,30,279,394,"1,047","2,728",779,"5,266"
Hobart city,3,11,13,159,165,"1,199",120,"1,670"
Indianapolis city (balance),108,527,"3,274","4,039","11,548","29,541","8,992","58,029"
Jeffersonville city,2,5,32,56,234,709,143,"1,181"
Kokomo city,11,24,71,90,666,"2,181",143,"3,186"
Lafayette city,4,35,70,149,649,"2,394",224,"3,525"
Lawrence city,1,13,76,55,305,616,198,"1,264"
Marion city,1,18,50,44,302,"1,388",96,"1,899"
Merrillville town, -,4,18,67,82,754,154,"1,079"
Michigan City city,4,14,70,48,213,"1,515",155,"2,019"
Mishawaka city,1,24,52,112,346,"2,804",167,"3,506"
Muncie city,1,74,65,174,552,"2,059",172,"3,097"
New Albany city, -,11,62,93,486,"1,678",167,"2,497"
Noblesville city,2,6,4,24,152,567,41,796
Portage city, -,7,7,43,204,970,105,"1,336"
Richmond city, -,6,77,71,366,"1,355",158,"2,033"
South Bend city,12,69,348,365,"1,678","4,366",568,"7,406"
Terre Haute city,1,31,63,57,934,"3,718",503,"5,307"
Valparaiso city,1,4,2,66,86,758,42,959
West Lafayette city, -,8,7,34,93,425,21,588
IOWA,38,827,"1,154","6,623","17,987","60,594","5,475","92,698"
Ames city, -,14,14,70,465,"1,028",44,"1,635"
Ankeny city, -,1,3,32,157,670,45,908
Bettendorf city, -,7,11,77,96,566,30,787
Burlington city,1,10,18,108,312,723,51,"1,223"
Cedar Falls city, -,12,4,54,88,540,34,732
Cedar Rapids city,1,45,121,250,"1,067","5,022",302,"6,808"
Clinton city,3,6,18,120,275,"1,093",71,"1,586"
Council Bluffs city, -,61,79,585,"1,034","3,435",676,"5,870"
Davenport city,7,54,272,990,"1,451","5,213",416,"8,403"
Des Moines city,5,110,294,819,"2,630","10,045","1,124","15,027"
Dubuque city,1,16,10,288,398,"1,306",66,"2,085"
Fort Dodge city,2,17,15,117,375,"1,221",122,"1,869"
Iowa City city, -,32,37,115,326,"1,082",72,"1,664"
Marion city, -,10,2,12,115,288,27,454
Marshalltown city,1,5,4,172,177,847,73,"1,279"
Mason City city, -,12,12,48,306,"1,227",61,"1,666"
Sioux City city,2,54,52,292,797,"2,562",231,"3,990"
Urbandale city, -,7,7,25,130,417,35,621
Waterloo city,1,36,80,243,825,"2,242",184,"3,611"
West Des Moines city, -,14,11,63,279,"1,459",69,"1,895"
KANSAS,102,"1,055","1,793","7,684","18,917","75,702","9,322","114,575"
Dodge City city,(NA),(NA),(NA),(NA),(NA),(NA),(NA),0
Emporia city,1,14,9,40,189,"1,248",41,"1,542"
Garden City city,1,22,8,106,160,980,49,"1,326"
Hutchinson city,1,21,16,120,426,"2,025",88,"2,697"
Kansas City city,37,100,416,613,"1,842","5,924","2,912","11,844"
Lawrence city,2,30,41,203,545,"2,797",151,"3,769"
Leavenworth city, -,23,51,220,300,"1,024",86,"1,704"
Leawood city, -,5,3,9,85,360,18,480
Lenexa city,4,10,23,59,536,"1,417",91,"2,140"
Manhattan city,(NA),(NA),(NA),(NA),(NA),(NA),(NA),0
Olathe city,1,45,29,261,249,"2,818",261,"3,664"
Overland Park city,2,30,63,399,488,"3,661",410,"5,053"
Salina city,(NA),(NA),(NA),(NA),(NA),(NA),(NA),0
Shawnee city, -,10,30,47,156,964,113,"1,320"
Topeka city,7,50,275,350,"1,719","7,244",699,"10,344"
Wichita city,(NA),(NA),(NA),(NA),(NA),(NA),(NA),0
KENTUCKY,190,"1,421","3,690","5,833","26,458","70,354","8,796","116,742"
Bowling Green city,3,47,88,190,584,"2,282",154,"3,348"
Covington city,(NA),(NA),(NA),(NA),(NA),(NA),(NA),0
Frankfort city, -,13,25,43,255,844,91,"1,271"
Henderson city,(NA),(NA),(NA),(NA),(NA),(NA),(NA),0
Hopkinsville city,1,26,52,67,409,"1,253",70,"1,878"
Jeffersontown city, -,3,28,18,111,422,70,652
Lexington-Fayette 5,15,147,575,739,"2,172","7,391",745,"11,784"
Louisville/Jefferson County (balance),55,209,"1,822","1,810","7,146","17,150","3,150","31,342"
Owensboro city,4,16,50,78,438,"1,564",70,"2,220"
Paducah city, -,21,44,135,253,"1,386",143,"1,982"
Richmond city, -,8,22,76,203,862,59,"1,230"
LOUISIANA,450,"1,421","5,337","19,681","39,382","112,840","14,389","193,500"
Alexandria city,9,21,147,845,948,"2,629",210,"4,809"
Baton Rouge city,49,83,993,"1,573","3,940","8,949","1,489","17,076"
Bossier City city, -,32,89,"1,126",627,"2,241",263,"4,378"
Houma city,6,14,67,232,290,"1,379",56,"2,044"
Kenner city,4,19,68,162,716,"1,734",349,"3,052"
Lafayette city,8,91,141,751,"1,233","4,691",418,"7,333"
Lake Charles city,6,44,153,359,"1,720","1,678",240,"4,200"
Monroe city,3,33,61,510,988,"3,575",122,"5,292"
New Iberia city,(NA),(NA),(NA),(NA),(NA),(NA),(NA),0
New Orleans city,(NA),(NA),(NA),(NA),(NA),(NA),(NA),0
Shreveport city,39,151,628,"1,431","2,969","8,893","1,016","15,127"
Slidell city,1,8,28,106,352,"1,422",149,"2,066"
MAINE,19,326,323,815,"6,323","24,218","1,348","33,372"
Bangor city, -,6,26,33,219,"1,304",45,"1,633"
Lewiston city,2,22,35,32,241,967,42,"1,341"
Portland city,3,39,100,125,536,"2,261",173,"3,237"
MARYLAND,552,"1,266","14,378","23,173","35,922","128,491","34,070","237,852"
Annapolis city,4,11,186,244,314,"1,188",150,"2,097"
Baltimore city,269,162,"3,910","6,907","7,338","19,691","6,212","44,489"
Bowie city,(NA),(NA),(NA),(NA),(NA),(NA),(NA),0
Frederick city, -,11,118,361,256,"1,244",75,"2,065"
Gaithersburg city,(NA),(NA),(NA),(NA),(NA),(NA),(NA),0
Hagerstown city,2,4,84,189,328,"1,024",135,"1,766"
Rockville city,(NA),(NA),(NA),(NA),(NA),(NA),(NA),0
MASSACHUSETTS,175,"1,732","7,615","19,715","34,624","97,737","18,880","180,478"
Agawam city, -,5,4,34,206,239,76,564
Attleboro city, -,9,12,93,176,654,89,"1,033"
Barnstable Town city,2,34,25,285,429,724,85,"1,584"
Beverly city, -,8,17,68,145,445,45,728
Boston city,73,268,"2,649","4,489","4,531","15,957","4,717","32,684"
Brockton city,10,47,211,(\7),687,"2,282",738,"3,975"
Cambridge city,3,18,239,234,623,"2,396",290,"3,803"
Chelsea city,4,21,151,(\7),286,627,282,"1,371"
Chicopee city,2,27,46,268,479,"1,048",223,"2,093"
Everett city, -,6,40,70,292,709,185,"1,302"
Fall River city,(NA),(NA),(NA),(NA),(NA),(NA),(NA),0
Fitchburg city,1,25,47,(\7),340,658,82,"1,153"
Franklin city, -,2, -,5,43,72,15,137
Gloucester city, -,6,8,33,100,456,35,638
Haverhill city, -,13,52,231,593,708,116,"1,713"
Holyoke city,3,30,92,(\7),356,"1,560",297,"2,338"
Lawrence city, -,17,159,408,601,577,533,"2,295"
Leominster city,(NA),(NA),(NA),(NA),(NA),(NA),(NA),0
Lowell city,2,41,213,753,664,"1,942",689,"4,304"
Lynn city,5,12,270,783,816,"1,527",582,"3,995"
Malden city,2,9,78,124,366,782,145,"1,506"
Marlborough city, -,8,11,19,126,442,48,654
Medford city,1,8,47,15,327,944,189,"1,531"
Melrose city, -,4,14,32,89,229,34,402
Methuen city,1,3,27,52,205,709,86,"1,083"
New Bedford city,8,52,257,707,877,"1,924",315,"4,140"
Newton city,1,6,15,92,269,783,46,"1,212"
Northampton city, -,9,9,96,122,626,57,919
Peabody city,1,8,24,132,199,829,114,"1,307"
Pittsfield city,2,32,36,282,309,668,64,"1,393"
Quincy city,2,26,92,219,387,883,152,"1,761"
Revere city,1,16,72,213,347,"1,139",320,"2,108"
Salem city, -,2,27,69,171,735,67,"1,071"
Somerville city,1,7,139,115,521,833,319,"1,935"
Springfield city,18,109,771,"1,793","2,141","4,974","1,588","11,394"
Taunton city,(NA),(NA),(NA),(NA),(NA),(NA),(NA),0
Waltham city, -,7,15,55,85,498,78,738
Watertown city, -,1,15,46,116,518,35,731
Westfield city,2,16,13,(\7),243,333,70,677
West Springfield city,2,4,32,87,195,934,130,"1,384"
Woburn city,1,3,16,44,116,622,104,906
Worcester city,6,143,389,852,"1,248","3,673","1,157","7,468"
MICHIGAN,616,"5,193","13,342","36,726","70,519","194,101","48,223","368,720"
Allen Park city, -,12,15,39,112,428,126,732
Ann Arbor city, -,37,102,219,859,"2,282",238,"3,737"
Battle Creek city,6,61,109,579,691,"2,594",187,"4,227"
Bay City city, -,30,31,107,292,789,74,"1,323"
Burton city,2,22,35,104,334,970,169,"1,636"
Dearborn city,3,30,223,315,651,"3,191","1,082","5,495"
Dearborn Heights city, -,25,82,99,424,967,417,"2,014"
Detroit city,354,589,"6,820","13,477","15,304","17,383","21,285","75,212"
East Lansing city, -,20,40,115,202,874,53,"1,304"
Eastpointe city,2,22,74,100,238,736,387,"1,559"
Farmington Hills city,3,23,38,114,403,"1,086",153,"1,820"
Flint city,48,105,566,"1,989","2,634","3,492","1,583","10,417"
Garden City city, -,8,22,70,174,475,111,860
Grand Rapids city,8,66,674,"1,214","2,038","7,050",678,"11,728"
Holland city, -,46,8,85,204,934,39,"1,316"
Inkster city,13,22,75,149,320,461,266,"1,306"
Jackson city,3,47,66,181,413,"1,706",153,"2,569"
Kalamazoo city,3,55,178,360,"1,106","3,116",319,"5,137"
Kentwood city, -,36,40,90,368,"1,303",88,"1,925"
Lansing city,8,115,254,"1,030","1,129","3,204",412,"6,152"
Lincoln Park city,4,8,47,87,361,"1,155",403,"2,065"
Livonia city,3,13,62,92,444,"1,574",283,"2,471"
Madison Heights city, -,13,36,31,175,822,303,"1,380"
Midland city, -,13,1,36,199,814,32,"1,095"
Mount Pleasant city,1,12,7,43,92,528,17,700
Muskegon city,3,57,99,305,523,"2,056",238,"3,281"
Novi city, -,2,11,48,197,993,69,"1,320"
Oak Park city, -,18,71,84,300,655,302,"1,430"
Pontiac city,9,82,253,911,"1,117","1,194",488,"4,054"
Portage city,1,15,28,83,287,"1,604",64,"2,082"
Port Huron city,2,24,34,139,275,976,93,"1,543"
Rochester Hills city,(NA),(NA),(NA),(NA),(NA),(NA),(NA),0
Roseville city,3,21,35,94,237,"1,722",343,"2,455"
Royal Oak city,1,20,34,72,278,954,189,"1,548"
Saginaw city,17,44,212,"1,333","1,286",948,376,"4,216"
St. Clair Shores city, -,11,35,115,266,942,247,"1,616"
Southfield city,4,22,159,754,748,"2,149",850,"4,686"
Southgate city, -,8,27,69,161,"1,000",227,"1,492"
Sterling Heights city, -,19,46,217,314,"2,287",239,"3,122"
Taylor city,1,26,67,139,455,"2,117",471,"3,276"
Troy city,1,8,19,44,277,"1,578",136,"2,063"
Warren city,5,67,223,567,812,"2,251",(\8),"3,925"
Westland city, -,54,72,177,533,"1,621",465,"2,922"
Wyandotte city, -,9,8,29,107,592,87,832
Wyoming city, -,32,72,191,568,"1,218",211,"2,292"
MINNESOTA,115,"2,258","4,724","8,146","29,716","114,304","14,281","173,544"
Andover city, -,12,5,26,117,606,35,801
Apple Valley city, -,16,11,30,255,"1,290",37,"1,639"
Blaine city, -,5,17,72,242,"2,042",103,"2,481"
Bloomington city,(NA),(NA),(NA),(NA),(NA),(NA),(NA),0
Brooklyn Center city, -,21,59,88,180,"1,512",235,"2,095"
Brooklyn Park city,1,47,81,180,594,"2,036",302,"3,241"
Burnsville city,3,18,32,61,249,"1,355",89,"1,807"
Coon Rapids city,1,26,24,57,227,"2,709",135,"3,179"
Cottage Grove city, -,15,5,23,148,670,46,907
Duluth city,(NA),(NA),(NA),(NA),(NA),(NA),(NA),0
Eagan city, -,8,13,24,266,"1,270",59,"1,640"
Eden Prairie city, -,13,21,23,182,955,40,"1,234"
Edina city, -,4,12,9,172,843,31,"1,071"
Fridley city, -,10,43,68,124,"1,259",140,"1,644"
Inver Grove Heights city, -,13,10,33,144,859,77,"1,136"
Lakeville city, -,9,7,22,177,784,23,"1,022"
Mankato city, -,41,15,62,256,"1,403",71,"1,848"
Maple Grove city, -,20,16,27,190,"1,144",50,"1,447"
Maplewood city, -,4,32,54,312,"1,934",250,"2,586"
Minneapolis city,47,402,"2,584","2,439","5,535","12,988","3,894","27,889"
Minnetonka city, -,12,13,19,219,848,56,"1,167"
Moorhead city,1,16,5,37,94,694,51,898
Oakdale city, -,12,21,30,148,875,101,"1,187"
Plymouth city, -,14,17,34,336,"1,230",63,"1,694"
Richfield city, -,23,63,57,266,"1,047",117,"1,573"
Rochester city, -,51,71,139,421,"1,917",127,"2,726"
Roseville city,2,6,16,20,164,"1,210",149,"1,567"
St. Cloud city,2,59,34,156,398,"2,245",137,"3,031"
St. Louis Park city, -,13,35,40,299,"1,106",101,"1,594"
St. Paul city,24,220,778,"1,421","3,484","7,761","2,448","16,136"
Shoreview city, -,2,1,5,47,321,21,397
Winona city, -,3,4,22,124,535,18,706
Woodbury city,2,7,5,19,157,"1,022",58,"1,270"
MISSISSIPPI,214,"1,147","2,405","4,365","26,866","60,873","7,492","103,362"
Biloxi city,(NA),(NA),(NA),(NA),(NA),(NA),(NA),0
Clinton city,(NA),(NA),(NA),(NA),(NA),(NA),(NA),0
Columbus city,1,4,33,41,195,"1,045",55,"1,374"
Greenville city,6,45,90,104,925,"1,793",141,"3,104"
Gulfport city,6,34,110,77,"1,164","3,108",325,"4,824"
Hattiesburg city,5,21,75,74,747,"1,889",182,"2,993"
Jackson city,38,158,612,417,"3,139","6,960","1,909","13,233"
Meridian city,6,29,79,84,744,"1,181",105,"2,228"
Pascagoula city,3,38,54,44,703,"1,133",183,"2,158"
Southaven city,(NA),(NA),(NA),(NA),(NA),(NA),(NA),0
Tupelo city,1,33,38,54,342,"1,338",129,"1,935"
Vicksburg city,6,53,39,163,376,"1,439",122,"2,198"
MISSOURI,402,"1,625","7,196","21,254","42,822","159,288","25,699","258,286"
Ballwin city, -,1,3,34,53,227,11,329
Blue Springs city, -,13,22,41,293,"1,589",140,"2,098"
Cape Girardeau city, -,13,32,142,324,"1,750",51,"2,312"
Chesterfield city,1,1,6,32,92,649,14,795
Columbia city,7,19,114,337,506,"2,386",173,"3,542"
Florissant city, -,4,60,34,182,871,94,"1,245"
Gladstone city, -,1,17,40,129,646,109,942
Hazelwood city, -,5,25,89,144,819,97,"1,179"
Independence city,6,45,123,622,"1,304","5,956",930,"8,986"
Jefferson City city,8,25,34,245,310,"1,344",79,"2,045"
Joplin city,2,34,87,200,656,"3,146",404,"4,529"
Kansas City city,126,295,"2,000","4,115","7,429","21,603","5,790","41,358"
Kirkwood city,1,1,8,60,54,677,27,828
Lee's Summit city,1,12,32,89,350,"1,770",117,"2,371"
Liberty city, -,11,6,41,103,623,62,846
Maryland Heights city, -, -,13,16,107,800,98,"1,034"
O'Fallon city,1,6,9,43,187,"1,587",53,"1,886"
Raytown city,1,2,41,33,243,952,126,"1,398"
St. Charles city,1,10,21,114,267,"1,593",136,"2,142"
St. Joseph city,2,22,60,132,763,"3,079",362,"4,420"
St. Louis city,131,276,"2,965","4,951","7,213","22,886","8,146","46,568"
St. Peters city, -,11,11,70,108,"1,116",40,"1,356"
Springfield city,5,85,203,599,"1,759","10,060",904,"13,615"
University City city, -,10,66,104,330,"1,360",160,"2,030"
Wildwood city,(NA),(NA),(NA),(NA),(NA),(NA),(NA),0
MONTANA,18,301,177,"2,138","3,642","23,794","1,971","32,041"
Billings city,5,34,50,112,598,"4,563",359,"5,721"
Bozeman city, -,17,10,44,207,"1,249",121,"1,648"
Butte-Silver Bow (balance),(NA),(NA),(NA),(NA),(NA),(NA),(NA),0
Great Falls city,2,20,25,124,297,"2,959",138,"3,565"
Helena city,2,14,10,73,119,862,65,"1,145"
Missoula city,1,40,40,173,395,"3,046",188,"3,883"
NEBRASKA,44,579,"1,040","3,385","9,363","45,277","5,567","65,255"
Bellevue city,1,10,10,36,152,"1,188",141,"1,538"
Fremont city, -,12,2,20,122,676,34,866
Grand Island city,1,17,13,68,384,"2,057",104,"2,644"
Kearney city, -,13,4,40,127,722,27,933
Lincoln city,4,112,225,"1,023","1,893","10,388",422,"14,067"
Omaha city,31,199,682,"1,415","3,164","15,079","3,813","24,383"
NEVADA,206,"1,016","4,702","8,730","23,481","52,012","26,931","117,078"
Carson City,(NA),(NA),(NA),(NA),(NA),(NA),(NA),0
Henderson city,9,40,133,250,"1,556","3,645","1,453","7,086"
Las Vegas city 9,145,616,"3,494","5,275","14,368","27,695","19,950","71,543"
North Las Vegas city,20,56,408,872,"1,866","3,249","2,466","8,937"
Reno city,8,110,421,979,"1,916","7,547","1,526","12,507"
Sparks city,5,56,96,202,740,"2,045",450,"3,594"
NEW HAMPSHIRE,18,405,359,947,"4,153","18,042","1,337","25,261"
Concord city, -,18,16,35,160,747,42,"1,018"
Dover city,1,8,5,15,44,432,16,521
Manchester city,4,73,140,91,693,"2,570",255,"3,826"
Nashua city,2,20,28,114,308,"1,622",131,"2,225"
Rochester city, -,43,10,22,96,789,31,991
NEW JERSEY,417,"1,208","13,215","16,079","38,980","136,728","27,683","234,310"
Atlantic City city,9,44,374,326,522,"3,838",154,"5,267"
Bayonne city,2,7,79,132,191,602,140,"1,153"
Bergenfield borough, -, -,12,8,22,153,17,212
Camden city,33,47,702,898,"1,020","2,332",955,"5,987"
Clifton city,2,9,85,73,305,"1,285",299,"2,058"
East Orange city,14,31,551,465,876,"1,637",990,"4,564"
Elizabeth city,17,18,541,247,647,"2,903","1,446","5,819"
Englewood city,1,5,26,42,141,368,68,651
Fair Lawn borough, -,2,19,14,48,290,25,398
Fort Lee borough, -,1,12,12,67,273,33,398
Garfield city,1, -,40,32,140,381,71,665
Hackensack city, -,5,39,90,59,874,127,"1,194"
Hoboken city,1,2,54,57,390,815,165,"1,484"
Jersey City city,38,43,"1,642","1,413","2,216","4,658","1,855","11,865"
Kearny town, -,6,39,68,151,653,264,"1,181"
Linden city, -,2,60,42,172,924,369,"1,569"
Long Branch city, -,1,51,86,186,591,39,954
Millville city,1,18,80,142,315,"1,108",71,"1,735"
Newark city,97,83,"1,250","1,391","2,056","4,974","5,690","15,541"
New Brunswick city,3,17,204,119,519,"1,106",200,"2,168"
Paramus borough,1,1,28,36,68,"1,349",74,"1,557"
Passaic city,4,6,331,343,363,977,279,"2,303"
Paterson city,20,32,588,804,"1,413","2,107",913,"5,877"
Perth Amboy city,2,3,59,104,270,778,152,"1,368"
Plainfield city,15,16,244,242,371,853,353,"2,094"
Rahway city, -,2,44,41,95,376,80,638
Sayreville borough,1,7,18,31,103,519,66,745
Trenton city,31,21,805,658,962,"1,940",672,"5,089"
Union City city,3,10,178,134,396,836,267,"1,824"
Vineland city,2,15,198,506,591,"2,084",170,"3,566"
Westfield town, -,1,5,11,53,266,9,345
West New York town,3,8,89,68,227,508,126,"1,029"
NEW MEXICO,143,"1,044","1,904","10,450","21,095","50,907","7,993","93,536"
Alamogordo city, -,25,9,77,121,860,38,"1,130"
Albuquerque city,53,285,"1,150","3,182","5,744","20,703","3,796","34,913"
Carlsbad city,(NA),(NA),(NA),(NA),(NA),(NA),(NA),0
Clovis city,2,21,34,183,624,"1,285",122,"2,271"
Farmington city,3,66,27,(\8),412,918,193,"1,619"
Hobbs city,4,22,20,287,324,"2,088",66,"2,811"
Las Cruces city,5,96,101,263,750,"2,954",245,"4,414"
Rio Rancho city,3,9,15,177,404,870,121,"1,599"
Roswell city,10,30,24,374,745,"2,317",130,"3,630"
Santa Fe city,5,44,70,260,"1,837","1,978",207,"4,401"
NEW YORK,874,"3,636","35,179","46,150","68,034","302,220","35,736","491,829"
Albany city,8,68,439,760,"1,328","3,186",369,"6,158"
Auburn city,(NA),(NA),(NA),(NA),(NA),(NA),(NA),0
Binghamton city,3,19,61,94,236,"1,646",20,"2,079"
Buffalo city,56,184,"1,667","2,031","4,240","10,089","2,401","20,668"
Elmira city,2,14,39,66,282,"1,295",44,"1,742"
Freeport village,2,8,66,81,142,603,140,"1,042"
Glen Cove city,(NA),(NA),(NA),(NA),(NA),(NA),(NA),0
Hempstead village,4,16,210,165,204,565,316,"1,480"
Ithaca city,(NA),(NA),(NA),(NA),(NA),(NA),(NA),0
Jamestown city,1,23,46,143,364,728,40,"1,345"
Lindenhurst village,(NA),(NA),(NA),(NA),(NA),(NA),(NA),0
Long Beach city, -,1,30,63,30,281,44,449
Middletown city,2,12,58,50,114,657,39,932
Mount Vernon city,5,9,334,283,344,"1,084",249,"2,308"
Newburgh city,3,12,174,243,294,707,76,"1,509"
New Rochelle city,3,4,146,107,177,"1,147",104,"1,688"
New York city,539,"1,412","24,722","27,950","23,210","120,918","18,381","217,132"
Niagara Falls city,4,24,242,415,703,"1,728",256,"3,372"
North Tonawanda city,1,3,12,31,126,415,27,615
Port Chester village, -,4,63,17,92,724,35,935
Poughkeepsie city,2,16,149,204,234,787,87,"1,479"
Rochester city,53,100,"1,026",795,"2,758","8,826","2,244","15,802"
Rome city, -,8,10,31,164,428,35,676
Saratoga Springs city, -,3,4,27,98,457,22,611
Schenectady city,8,41,252,308,795,"1,975",279,"3,658"
Spring Valley village,4,7,49,120,84,335,43,642
Syracuse city,19,73,554,924,"1,867","3,639",980,"8,056"
Troy city,4,18,78,209,517,"1,333",203,"2,362"
Utica city,8,18,133,109,619,"1,967",86,"2,940"
Valley Stream village,(NA),(NA),(NA),(NA),(NA),(NA),(NA),0
Watertown city,3,14,28,84,227,"1,143",71,"1,570"
White Plains city,1,7,46,123,69,"1,142",56,"1,444"
Yonkers city,9,21,518,422,641,"2,277",488,"4,376"
NORTH CAROLINA,585,"2,302","12,635","25,128","104,298","221,091","28,466","394,505"
Asheville city,2,16,229,187,991,"3,642",633,"5,700"
Burlington city,4,13,91,312,719,"2,352",136,"3,627"
Cary town, -,13,50,70,432,"1,428",103,"2,096"
Chapel Hill town,2,13,59,145,425,"1,571",84,"2,299"
Charlotte city 10,85,323,"3,649","3,876","12,783","26,708","7,098","54,522"
Concord city,5,15,74,127,505,"2,245",245,"3,216"
Durham city,35,89,627,726,"3,157","7,944",936,"13,514"
Fayetteville city,14,47,429,662,"2,531","7,234",786,"11,703"
Gastonia city,5,36,257,372,"1,268","4,389",533,"6,860"
Goldsboro city,7,3,109,206,594,"1,956",144,"3,019"
Greensboro city,30,85,787,"1,039","3,954","9,198","1,208","16,301"
Greenville city,6,12,177,314,"1,505","2,617",199,"4,830"
Hickory city,2,28,112,226,773,"2,381",281,"3,803"
High Point city,8,27,217,364,"1,970","3,509",478,"6,573"
Huntersville town,1,4,20,47,258,871,75,"1,276"
Jacksonville city, -,21,23,61,128,635,36,904
Kannapolis city,(NA),(NA),(NA),(NA),(NA),(NA),(NA),0
Monroe city,5,13,54,146,401,"1,482",122,"2,223"
Raleigh city,20,88,762,"1,181","3,040","8,480","1,008","14,579"
Rocky Mount city,8,22,197,270,"1,380","3,264",232,"5,373"
Salisbury city,5,12,83,151,406,"1,500",119,"2,276"
Wilmington city,8,57,292,437,"1,855","4,000",703,"7,352"
Wilson city,4,8,55,166,561,"1,271",95,"2,160"
Winston-Salem city,16,118,608,897,"4,016","7,146",956,"13,757"
NORTH DAKOTA,7,154,47,417,"1,986","9,552","1,057","13,220"
Bismarck city, -,8,8,35,197,"1,164",127,"1,539"
Fargo city,2,42,11,49,438,"1,697",213,"2,452"
Grand Forks city,1,9,6,49,271,"1,628",175,"2,139"
Minot city,1,28,4,48,108,855,78,"1,122"
OHIO,585,"4,557","18,696","16,435","100,063","278,457","41,379","460,172"
Akron city,27,183,625,430,"3,409","7,253","1,378","13,305"
Barberton city, -,22,21,19,225,"1,002",68,"1,357"
Beavercreek city, -,4,11,30,106,"1,013",62,"1,226"
Bowling Green city, -,7,13,14,95,813,22,964
Brunswick city,(NA),(NA),(NA),(NA),(NA),(NA),(NA),0
Canton city,4,57,381,226,"1,566","3,939",546,"6,719"
Cincinnati city,79,315,"2,319","1,010","5,430","14,029","2,952","26,134"
Cleveland city,109,478,"3,743","2,086","8,598","13,145","6,800","34,959"
Cleveland Heights city, -, -,21, -,78,453,87,639
Columbus city,102,518,"3,777","1,714","14,604","31,724","7,813","60,252"
Cuyahoga Falls city, -,19,18,30,194,"1,553",132,"1,946"
Dayton city,32,140,851,510,"3,229","6,031","2,211","13,004"
Delaware city,1,41,19,23,243,830,42,"1,199"
Dublin city, -,2,7, -,141,402,31,583
East Cleveland city,(NA),(NA),(NA),(NA),(NA),(NA),(NA),0
Elyria city,(NA),(NA),(NA),(NA),(NA),(NA),(NA),0
Euclid city,3,14,104,55,342,"1,075",195,"1,788"
Fairborn city,1,39,46,77,312,"1,033",80,"1,588"
Fairfield city, -,19,33,112,250,"1,292",116,"1,822"
Findlay city, -,23,24,51,375,"1,457",39,"1,969"
Gahanna city, -,5,27,11,179,647,61,930
Garfield Heights city,2,20,34,80,234,620,64,"1,054"
Grove City city,(NA),(NA),(NA),(NA),(NA),(NA),(NA),0
Hamilton city,3,84,220,193,"1,013","2,966",470,"4,949"
Huber Heights city,(NA),(NA),(NA),(NA),(NA),(NA),(NA),0
Kent city, -,11,19,44,201,571,62,908
Kettering city,3,30,32,8,347,"1,428",135,"1,983"
Lakewood city,2,5,37,70,237,961,136,"1,448"
Lancaster city, -,24,32,46,339,"1,509",104,"2,054"
Lima city,5,92,126,230,839,"1,687",152,"3,131"
Lorain city,6,14,119,202,661,"1,499",161,"2,662"
Mansfield city, -,31,94,36,906,"2,217",220,"3,504"
Maple Heights city,(NA),(NA),(NA),(NA),(NA),(NA),(NA),0
Marion city,1,24,26,32,345,"1,115",33,"1,576"
Massillon city,(NA),(NA),(NA),(NA),(NA),(NA),(NA),0
Medina city, -, -, -, -,20,100,8,128
Mentor city, -,12,29,16,159,"1,133",93,"1,442"
Middletown city,2,44,110,81,721,"2,657",162,"3,777"
Newark city, -,29,56,29,570,"1,801",124,"2,609"
North Olmsted city,1,8,16,20,85,396,62,588
North Royalton city,(NA),(NA),(NA),(NA),(NA),(NA),(NA),0
Parma city, -,12,63,71,573,"1,216",177,"2,112"
Reynoldsburg city, -,13,44,27,204,862,92,"1,242"
Sandusky city,1,7,49,132,385,"1,379",67,"2,020"
Shaker Heights city,(NA),(NA),(NA),(NA),(NA),(NA),(NA),0
Springfield city,7,70,280,191,"1,832","4,027",462,"6,869"
Stow city, -,12,7,8,83,555,21,686
Strongsville city, -,5,13,20,116,659,30,843
Toledo city,28,179,"1,356","2,162","7,101","13,331","3,198","27,355"
Trotwood city,(NA),(NA),(NA),(NA),(NA),(NA),(NA),0
Upper Arlington city, -,3,11,8,85,327,9,443
Warren city, -,1,5,59,80,200,26,371
Westerville city, -,2,17,13,151,784,23,990
Westlake city,(NA),(NA),(NA),(NA),(NA),(NA),(NA),0
Youngstown city,34,60,347,476,"1,718","2,216",764,"5,615"
Zanesville city,(NA),(NA),(NA),(NA),(NA),(NA),(NA),0
OKLAHOMA,187,"1,481","3,230","13,146","35,692","93,814","13,900","161,450"
Bartlesville city,2,16,10,95,303,965,71,"1,462"
Broken Arrow city, -,11,22,155,415,"1,484",171,"2,258"
Edmond city,1,26,18,66,389,"1,453",80,"2,033"
Enid city, -,25,32,142,785,"1,820",101,"2,905"
Lawton city,6,41,135,487,"1,362","3,078",213,"5,322"
Midwest City city, -,19,37,91,553,"1,616",259,"2,575"
Moore city, -,21,23,79,353,"1,149",133,"1,758"
Muskogee city,3,30,52,187,720,"1,210",122,"2,324"
Norman city, -,34,40,155,654,"2,299",260,"3,442"
Oklahoma City city,54,358,"1,193","2,933","8,925","28,635","4,585","46,683"
Ponca City city,1,23,13,119,264,968,74,"1,462"
Shawnee city, -,15,30,122,454,"1,063",185,"1,869"
Stillwater city, -,30,10,83,317,"1,147",55,"1,642"
Tulsa city,58,303,"1,096","3,538","6,592","14,847","3,730","30,164"
OREGON,80,"1,266","2,478","6,620","27,621","113,316","19,262","170,643"
Albany city, -,8,22,33,337,"2,446",331,"3,177"
Beaverton city,1,32,43,113,340,"2,301",316,"3,146"
Bend city,2,21,19,91,509,"2,401",249,"3,292"
Corvallis city,1,11,18,39,247,"1,656",91,"2,063"
Eugene city,5,54,119,150,"1,603","6,639","1,660","10,230"
Grants Pass city,2,10,14,11,140,"1,459",143,"1,779"
Gresham city,3,69,148,280,882,"3,216","1,249","5,847"
Hillsboro city,2,30,63,68,473,"2,807",367,"3,810"
Keizer city,1,9,12,64,164,717,118,"1,085"
Lake Oswego city, -,1,1,6,124,397,30,559
McMinnville city,1,8,16,21,125,800,60,"1,031"
Medford city,1,28,53,243,556,"3,455",279,"4,615"
Oregon City city, -,7,12,10,186,"1,024",119,"1,358"
Portland city,20,325,"1,137","2,376","6,121","25,794","5,730","41,503"
Salem city,3,53,134,516,"1,170","6,752","1,082","9,710"
Springfield city, -,10,36,149,814,"3,207",838,"5,054"
Tigard city, -,16,29,58,307,"1,824",158,"2,392"
PENNSYLVANIA,756,"3,586","19,214","29,205","56,134","214,916","29,394","353,205"
Allentown city,21,45,512,285,"1,393","3,905",473,"6,634"
Altoona city,5,26,69,86,463,"1,117",73,"1,839"
Bethel Park borough, -, -,4,14,46,261,9,334
Bethlehem city,2,17,114,135,409,"1,700",192,"2,569"
Chester city,15,34,229,656,480,710,290,"2,414"
Easton city,3,16,47,110,189,745,144,"1,254"
Erie city,6,75,200,191,632,"2,129",106,"3,339"
Harrisburg city,12,52,480,261,600,"1,583",153,"3,141"
Lancaster city,1,32,189,198,549,"2,271",205,"3,445"
Municipality of Monroeville borough,2,5,29,57,114,636,87,930
New Castle city,(NA),(NA),(NA),(NA),(NA),(NA),(NA),0
Norristown borough,(NA),(NA),(NA),(NA),(NA),(NA),(NA),0
Philadelphia city,377,"1,024","10,069","10,139","10,960","38,039","11,420","82,028"
Pittsburgh city,63,117,"1,617","1,588","3,018","10,337","2,273","19,013"
Plum borough, -,4,1, -,52,165,15,237
Reading city,22,51,372,491,"1,512","2,520","1,061","6,029"
Scranton city,1,47,89,315,630,"1,569",172,"2,823"
State College borough, -,4,6,22,138,726,20,916
Wilkes-Barre city,3,30,112,62,338,"1,143",121,"1,809"
Williamsport city,3,16,64,51,219,917,66,"1,336"
York city,13,39,242,119,400,"1,703",211,"2,727"
RHODE ISLAND,34,321,776,"1,572","5,318","19,544","4,398","31,963"
Cranston city, -,12,48,77,322,"1,480",271,"2,210"
East Providence city, -,10,18,36,149,530,82,825
Newport city, -,16,13,81,241,861,55,"1,267"
Pawtucket city,3,24,106,128,512,"1,815",436,"3,024"
Providence city,20,106,424,657,"1,835","5,025","2,264","10,331"
Warwick city,4,18,24,76,277,"2,021",316,"2,736"
Woonsocket city,(NA),(NA),(NA),(NA),(NA),(NA),(NA),0
SOUTH CAROLINA,315,"1,809","5,622","24,638","42,589","125,699","16,358","217,030"
Aiken city,1,6,23,75,192,"1,102",62,"1,461"
Anderson city,2,10,32,122,334,"1,145",135,"1,780"
Charleston city,10,49,290,654,810,"3,464",482,"5,759"
Columbia city,15,56,381,859,"1,332","5,513",837,"8,993"
Florence city,4,18,201,332,592,"2,582",213,"3,942"
Goose Creek city,1,5,19,52,125,579,58,839
Greenville city,5,32,161,458,776,"2,710",308,"4,450"
Hilton Head Island town,(NA),(NA),(NA),(NA),(NA),(NA),(NA),0
Mount Pleasant town, -,12,36,146,181,"1,006",108,"1,489"
North Charleston city,11,82,519,861,"1,365","5,033",930,"8,801"
Rock Hill city,4,41,85,579,464,"2,111",195,"3,479"
Spartanburg city,11,28,149,504,939,"2,866",292,"4,789"
Summerville town,1,10,34,88,185,"1,059",98,"1,475"
Sumter city,3,8,117,474,616,"1,580",128,"2,926"
SOUTH DAKOTA,18,362,144,839,"2,517","10,426",841,"15,147"
Rapid City city,1,58,38,160,459,"1,980",112,"2,808"
Sioux Falls city,4,145,71,253,682,"3,253",329,"4,737"
TENNESSEE,432,"2,171","9,974","32,314","61,233","168,637","25,078","299,839"
Bartlett city, -,7,21,32,161,844,64,"1,129"
Brentwood city, -,1,7,13,73,461,16,571
Bristol city, -,9,12,118,234,"1,088",72,"1,533"
Chattanooga city,23,116,442,"1,173","2,190","9,365","1,051","14,360"
Clarksville city,5,52,138,686,"1,071","2,802",256,"5,010"
Cleveland city,(NA),(NA),(NA),(NA),(NA),(NA),(NA),0
Collierville town,3,2,11,48,98,460,56,678
Columbia city,3,22,72,336,347,"1,341",108,"2,229"
Cookeville city,(NA),(NA),(NA),(NA),(NA),(NA),(NA),0
Franklin city,2,7,14,92,97,751,58,"1,021"
Germantown city, -,3,13,21,120,533,37,727
Hendersonville city,1,7,14,121,162,714,74,"1,093"
Jackson city,5,49,177,605,"1,269","3,141",475,"5,721"
Johnson City city,5,20,73,277,692,"2,797",208,"4,072"
Kingsport city,3,32,71,297,521,"2,553",179,"3,656"
Knoxville city,25,99,545,"1,059","2,471","7,370","1,221","12,790"
Memphis city,137,400,"4,464","7,628","15,844","32,632","8,304","69,409"
Morristown city,2,11,37,198,204,"1,441",143,"2,036"
Murfreesboro city,2,35,113,491,790,"2,994",237,"4,662"
Nashville-Davidson (balance) 11,95,336,"2,440","6,103","6,448","25,900","3,448","44,770"
Oak Ridge city,1,11,51,106,383,"1,350",147,"2,049"
Smyrna town, -,8,17,165,192,861,59,"1,302"
TEXAS,"1,407","8,511","35,790","75,383","219,828","644,042","93,423","1,078,384"
Abilene city,5,78,146,347,"1,521","3,685",298,"6,080"
Allen city, -,9,14,30,286,"1,188",54,"1,581"
Amarillo city,10,88,347,"1,092","2,549","8,245","1,056","13,387"
Arlington city,24,178,768,"1,399","3,984","14,609","1,810","22,772"
Austin city,26,312,"1,182","1,873","7,285","31,835","2,548","45,061"
Baytown city,4,32,112,143,705,"2,100",237,"3,333"
Beaumont city,11,97,337,685,"2,057","5,735",528,"9,450"
Bedford city,2,14,35,189,342,"1,344",139,"2,065"
Big Spring city,1,18,13,55,346,483,43,959
Brownsville city,4,53,128,718,"1,236","6,647",430,"9,216"
Bryan city,6,45,93,473,"1,207","2,784",225,"4,833"
Carrollton city,5,12,95,188,916,"2,675",499,"4,390"
Cedar Hill city, -,9,37,77,311,972,144,"1,550"
Cedar Park city,1,14,10,60,157,499,30,771
Cleburne city,1,22,16,112,278,"1,142",109,"1,680"
College Station city,2,38,38,128,555,"2,292",82,"3,135"
Conroe city,2,24,101,213,569,"1,897",172,"2,978"
Coppell city,1,2,3,16,206,666,58,952
Copperas Cove city,1,22,24,60,245,769,23,"1,144"
Corpus Christi city,8,217,481,"1,342","3,357","15,870",906,"22,181"
Dallas city,202,562,"6,882","7,783","22,363","52,315","14,277","104,384"
Deer Park city,1,9,9,24,126,456,47,672
Del Rio city,1,1,10,46,211,973,61,"1,303"
Denton city,5,72,76,225,684,"3,180",246,"4,488"
DeSoto city,1,6,35,99,552,"1,072",138,"1,903"
Duncanville city,1,7,53,108,346,905,171,"1,591"
Edinburg city,1,31,67,343,712,"3,887",346,"5,387"
El Paso city,14,295,448,"1,857","2,151","14,925","2,599","22,289"
Euless city,3,7,49,103,371,"1,379",142,"2,054"
Farmers Branch city,3,5,22,27,244,795,210,"1,306"
Flower Mound town,1,1,5,24,104,524,45,704
Fort Worth city,60,311,"1,379","2,170","8,684","24,811","3,715","41,130"
Friendswood city, -,6,5,31,103,308,22,475
Frisco city,1,15,10,48,608,"1,850",84,"2,616"
Galveston city,8,87,172,263,687,"2,530",363,"4,110"
Garland city,7,41,239,368,"2,011","5,445",750,"8,861"
Georgetown city, -,10,5,29,105,546,44,739
Grand Prairie city,9,56,170,214,"1,439","4,979","1,050","7,917"
Grapevine city,2,9,25,55,238,"1,095",124,"1,548"
Haltom City city,1,17,36,110,511,"1,453",308,"2,436"
Harlingen city, -,24,63,243,"1,128","3,598",233,"5,289"
Houston city,334,872,"11,128","11,653","27,541","72,476","20,408","144,412"
Huntsville city, -,7,29,99,269,"1,058",77,"1,539"
Hurst city, -,16,27,126,268,"1,686",126,"2,249"
Irving city,2,66,270,572,"1,730","6,658","1,160","10,458"
Keller city,1,8,5,21,95,483,23,636
Killeen city,8,85,224,489,"2,071","3,644",147,"6,668"
Kingsville city,1,9,16,156,477,"1,080",36,"1,775"
Lake Jackson city, -,3,12,19,111,670,28,843
Lancaster city,3,6,24,125,520,974,197,"1,849"
La Porte city, -,6,4,22,138,365,71,606
Laredo city,18,64,246,726,"1,552","9,953",957,"13,516"
League City city,1,11,9,21,365,"1,088",84,"1,579"
Lewisville city,2,23,55,119,510,"2,913",349,"3,971"
Longview city,8,67,127,644,"1,087","3,272",567,"5,772"
Lubbock city,11,105,309,"1,797","2,697","9,312",777,"15,008"
Lufkin city,2,22,39,125,341,744,80,"1,353"
McAllen city,8,34,129,250,734,"6,877",576,"8,608"
McKinney city,1,44,41,142,451,"1,469",139,"2,287"
Mansfield city, -,7,19,82,261,776,87,"1,232"
Mesquite city,7,15,169,339,837,"3,964",709,"6,040"
Midland city,1,80,50,277,779,"2,808",178,"4,173"
Mission city,4,5,20,43,619,"2,497",321,"3,509"
Missouri City city,2,13,73,79,345,826,117,"1,455"
Nacogdoches city, -,13,33,65,221,914,38,"1,284"
New Braunfels city, -,8,19,95,295,"1,643",90,"2,150"
North Richland Hills city, -,21,37,100,416,"1,599",129,"2,302"
Odessa city,3,12,72,503,756,"2,785",179,"4,310"
Paris city,1,55,41,153,432,"2,036",87,"2,805"
Pasadena city,5,51,146,430,"1,063","3,397",454,"5,546"
Pearland city,1,34,22,29,364,921,88,"1,459"
Pharr city,4,17,52,125,573,"2,183",156,"3,110"
Plano city,2,54,119,546,"1,365","6,723",589,"9,398"
Port Arthur city,11,26,118,215,938,"1,632",239,"3,179"
Richardson city,2,12,98,149,764,"2,437",277,"3,739"
Round Rock city, -,21,24,76,281,"1,873",51,"2,326"
Rowlett city, -,3,17,49,185,747,79,"1,080"
San Angelo city,3,55,40,275,"1,137","3,941",280,"5,731"
San Antonio city,86,593,"2,154","5,174","14,365","60,649","5,973","88,994"
San Juan city,1,6,14,128,385,"1,399",109,"2,042"
San Marcos city,3,24,25,105,208,"1,071",127,"1,563"
Sherman city,3,6,19,131,439,"1,405",88,"2,091"
Socorro city, -,8,8,66,77,371,57,587
Sugar Land city,1,4,62,50,285,"1,434",110,"1,946"
Temple city,3,5,57,110,502,"1,893",151,"2,721"
Texarkana city,3,31,69,397,556,"1,926",164,"3,146"
Texas City city,2,19,87,83,859,"1,735",218,"3,003"
The Colony city, -,4,7,18,165,631,66,891
Tyler city,6,52,172,344,"1,119","3,412",197,"5,302"
Victoria city,2,34,58,206,829,"2,670",155,"3,954"
Waco city,12,60,257,566,"2,413","5,740",692,"9,740"
Weslaco city,1,8,36,99,468,"1,811",168,"2,591"
Wichita Falls city,6,43,239,445,"1,703","5,386",552,"8,374"
UTAH,56,920,"1,095","3,541","14,971","72,082","8,493","101,158"
Bountiful city,1,19,11,38,175,798,72,"1,114"
Clearfield city, -,14,6,17,120,714,57,928
Draper city,1,8,4,20,182,897,65,"1,177"
Layton city,2,32,17,44,289,"1,500",108,"1,992"
Logan city,1,16,5,16,162,842,40,"1,082"
Midvale city, -,28,17,66,178,"1,232",195,"1,716"
Murray city, -,22,40,102,472,"3,069",362,"4,067"
Ogden city,5,40,121,217,797,"3,723",411,"5,314"
Orem city, -,16,13,36,392,"2,909",182,"3,548"
Provo city,3,55,17,107,673,"2,417",208,"3,480"
Riverton city,(NA),(NA),(NA),(NA),(NA),(NA),(NA),0
Roy city, -,17,7,29,113,603,48,817
St. George city,1,13,12,198,385,"1,249",231,"2,089"
Salt Lake City city,10,72,417,784,"2,172","11,608","2,079","17,142"
Sandy city,1,14,27,119,474,"2,530",236,"3,401"
South Jordan city, -,6,3,21,116,724,49,919
Taylorsville city,(NA),(NA),(NA),(NA),(NA),(NA),(NA),0
West Jordan city,(NA),(NA),(NA),(NA),(NA),(NA),(NA),0
West Valley City city,10,89,93,327,"1,039","5,233",814,"7,605"
VERMONT,8,145,73,520,"3,064","10,505",641,"14,956"
Burlington city,(NA),(NA),(NA),(NA),(NA),(NA),(NA),0
VIRGINIA,461,"1,721","7,507","11,711","29,672","154,000","15,972","221,044"
Alexandria city,3,22,199,238,294,"2,570",467,"3,793"
Arlington CDP,(NA),(NA),(NA),(NA),(NA),(NA),(NA),0
Blacksburg town, -,8,13,34,105,435,22,617
Charlottesville city,2,35,72,198,264,"1,442",169,"2,182"
Chesapeake city,14,51,298,754,"1,426","5,905",539,"8,987"
Danville city,8,12,88,140,322,"1,745",111,"2,426"
Hampton city,11,47,276,261,887,"3,941",560,"5,983"
Harrisonburg city,2,14,35,47,205,883,76,"1,262"
Leesburg town, -,8,22,54,40,631,49,804
Lynchburg city,6,23,73,155,412,"1,805",173,"2,647"
Manassas city, -,21,64,103,137,937,122,"1,384"
Newport News city,20,103,542,774,"1,470","5,887",859,"9,655"
Norfolk city,59,92,886,804,"1,769","10,153","1,139","14,902"
Petersburg city,9,25,149,181,803,"1,534",288,"2,989"
Portsmouth city,22,41,366,472,"1,049","3,708",407,"6,065"
Richmond city,84,80,"1,196","1,025","2,529","8,168","2,201","15,283"
Roanoke city,16,55,228,596,"1,011","4,912",446,"7,264"
Suffolk city,9,34,119,304,434,"2,192",117,"3,209"
Virginia Beach city,20,96,622,402,"2,213","10,376",753,"14,482"
WASHINGTON,205,"2,811","5,788","12,941","60,343","198,031","49,287","329,406"
Auburn city,1,14,85,168,623,"2,509",869,"4,269"
Bellevue city,2,29,49,92,595,"3,503",567,"4,837"
Bellingham city,3,28,53,90,709,"4,555",309,"5,747"
Bothell city, -,11,13,23,180,503,155,885
Bremerton city,2,80,73,247,425,"1,267",198,"2,292"
Burien city,2,24,52,82,340,"1,090",607,"2,197"
Des Moines city,1,18,45,52,244,741,418,"1,519"
Edmonds city, -,5,29,21,235,903,246,"1,439"
Everett city,3,48,173,313,"1,272","4,243","2,085","8,137"
Federal Way city,6,55,153,101,800,"3,786","1,573","6,474"
Kennewick city,4,26,35,150,523,"2,410",217,"3,365"
Kent city,3,57,165,254,"1,187","3,492","1,474","6,632"
Kirkland city, -,21,20,33,297,"1,215",245,"1,831"
Lacey city,1,6,33,51,235,"1,405",116,"1,847"
Lakewood city,3,61,124,303,872,"2,488",558,"4,409"
Longview city,3,24,32,88,748,"2,076",312,"3,283"
Lynnwood city,1,7,45,40,308,"2,028",520,"2,949"
Marysville city,1,16,16,24,244,725,314,"1,340"
Mount Vernon city, -,23,17,36,330,"2,107",181,"2,694"
Olympia city, -,24,26,65,467,"1,849",233,"2,664"
Pasco city, -,19,29,50,413,"1,389",213,"2,113"
Puyallup city, -,17,39,72,362,"2,288",538,"3,316"
Redmond city, -,21,16,49,203,"1,393",192,"1,874"
Renton city,2,24,95,102,680,"3,670",961,"5,534"
Richland city, -,17,11,92,240,"1,140",87,"1,587"
Sammamish city, -,8,1,7,96,404,37,553
SeaTac city,1,22,42,65,346,"1,172",688,"2,336"
Seattle city,25,138,"1,607","2,339","6,761","27,147","9,563","47,580"
Shoreline city, -,21,42,61,468,"1,358",528,"2,478"
Spokane city,13,78,286,743,"2,436","7,932","1,802","13,290"
Spokane Valley city,1,33,55,242,629,"2,708",563,"4,231"
Tacoma city,13,120,690,"1,191","3,255","9,989","3,558","18,816"
University Place city, -,12,26,59,235,737,156,"1,225"
Vancouver city,8,111,161,346,"1,218","5,573","1,152","8,569"
Walla Walla city, -,64,13,98,237,"1,064",69,"1,545"
Wenatchee city,1,19,16,69,287,"1,348",116,"1,856"
Yakima city,10,62,149,231,"1,451","5,021","1,060","7,984"
WEST VIRGINIA,80,321,811,"3,745","11,286","32,594","3,816","52,653"
Charleston city,7,16,128,404,818,"2,712",306,"4,391"
Huntington city,11,36,164,114,"1,071","2,296",310,"4,002"
Morgantown city, -,21,30,58,251,758,21,"1,139"
Parkersburg city,3,12,30,95,347,"1,191",107,"1,785"
Wheeling city, -,20,32,86,227,645,89,"1,099"
WISCONSIN,194,"1,142","4,550","7,485","24,406","110,323","12,546","160,646"
Appleton city, -,27,16,130,403,"1,635",45,"2,256"
Beloit city,4,13,48,85,306,"1,444",109,"2,009"
Brookfield city, -, -,5,1,20,161,12,199
Eau Claire city, -,7,24,85,329,"1,522",78,"2,045"
Fond du Lac city, -,3,11,61,138,"1,015",42,"1,270"
Franklin city, -,3,5,16,99,464,26,613
Green Bay city,5,58,72,360,605,"2,099",227,"3,426"
Greenfield city, -,3,21,10,159,893,68,"1,154"
Janesville city, -,34,64,72,515,"2,317",136,"3,138"
Kenosha city,3,35,124,87,575,"2,130",194,"3,148"
La Crosse city,1,16,20,62,213,"1,348",66,"1,726"
Madison city,2,80,329,428,"1,449","5,682",606,"8,576"
Manitowoc city,(NA),(NA),(NA),(NA),(NA),(NA),(NA),0
Menomonee Falls village, -,6,7,4,60,399,28,504
Milwaukee city,121,158,"2,927","2,804","4,570","21,611","6,631","38,822"
New Berlin city, -, -,5,11,90,437,20,563
Oak Creek city,1,10,9,10,127,855,36,"1,048"
Oshkosh city, -,12,17,154,297,"1,496",60,"2,036"
Racine city,16,31,242,102,982,"3,235",340,"4,948"
Sheboygan city, -,25,10,33,266,"1,746",86,"2,166"
Superior city, -,16,12,36,299,"1,177",89,"1,629"
Waukesha city, -,27,19,49,266,959,97,"1,417"
Wausau city, -,23,21,73,251,826,48,"1,242"
Wauwatosa city, -,15,57,29,275,"1,722",155,"2,253"
West Allis city,4,18,81,87,476,"1,960",223,"2,849"
West Bend city, -,2,8,14,57,637,19,737
WYOMING,14,122,78,958,"2,426","12,905",739,"17,242"
Casper city,2,7,14,112,525,"2,077",97,"2,834"
Cheyenne city,4,12,17,64,272,"2,222",91,"2,682"
Laramie city,2, -,1,23,91,700,33,850
